{"cameraMode":{"drawMode":0,"name":"Shaded","section":"Shading Mode"},"sceneLighting":false,"audioPlay":false,"sceneViewState":{"m_AlwaysRefresh":false,"showFog":true,"showSkybox":false,"showFlares":true,"showImageEffects":true,"showParticleSystems":true,"showVisualEffectGraphs":true,"m_FxEnabled":true},"in2DMode":false,"pivot":{"x":0.0000011920928955078126,"y":0.7349446415901184,"z":0.23659133911132813},"rotation":{"x":-0.001373252714984119,"y":0.9941494464874268,"z":-0.10809889435768128,"w":-0.011949555017054081},"size":2.600348949432373,"orthographic":false}