{"cameraMode":{"drawMode":0,"name":"Shaded","section":"Shading Mode"},"sceneLighting":false,"audioPlay":false,"sceneViewState":{"m_AlwaysRefresh":false,"showFog":true,"showSkybox":false,"showFlares":true,"showImageEffects":true,"showParticleSystems":true,"showVisualEffectGraphs":true,"m_FxEnabled":true},"in2DMode":false,"pivot":{"x":0.015639066696166993,"y":6.68548059463501,"z":-0.2842373847961426},"rotation":{"x":0.007084038108587265,"y":0.8862759470939636,"z":-0.013573513366281987,"w":0.46306803822517397},"size":21.884620666503908,"orthographic":false}