{"cameraMode":{"drawMode":0,"name":"Shaded","section":"Shading Mode"},"sceneLighting":false,"audioPlay":false,"sceneViewState":{"m_AlwaysRefresh":false,"showFog":true,"showSkybox":false,"showFlares":true,"showImageEffects":true,"showParticleSystems":true,"showVisualEffectGraphs":true,"m_FxEnabled":true},"in2DMode":false,"pivot":{"x":1.1510000228881837,"y":2.1619999408721926,"z":-6.674273490905762},"rotation":{"x":-0.006701624020934105,"y":0.6929695010185242,"z":-0.006461944431066513,"w":-0.7209677696228027},"size":0.89582359790802,"orthographic":true}